INSERT INTO category(id, name, description, category_order, created_at, updated_at)
values (1, '프론트엔드', '웹 프론트엔드 개발 일기', 1, '2024-01-15 01:14:00', '2024-01-15 01:14:00'),
       (2, '백엔드', '백엔드 개발 일기', 2, '2024-01-15 07:24:23', '2024-01-15 07:24:23'),
       (3, '데이터베이스', '데이터베이스 학습 일기', 3, '2024-01-15 23:22:21', '2024-01-15 23:22:21');

INSERT INTO category_item(id, category_id, item_name, description, item_order, created_at, updated_at)
values (1, 1, 'React', '리액트 설명', 1, '2024-01-15 01:14:00', '2024-01-15 01:14:00'),
       (2, 1, 'Vue', 'Vue 설명', 2, '2024-01-15 07:24:23', '2024-01-15 07:24:23'),
       (3, 2, 'Spring', 'Spring 설명', 1, '2024-01-15 23:22:21', '2024-01-15 23:22:21'),
       (4, 2, 'JVM', 'JVM 설명', 2, '2024-01-15 23:22:21', '2024-01-15 23:22:21'),
       (5, 2, 'NestJS', 'NestJS 설명', 3, '2024-01-15 23:22:21', '2024-01-15 23:22:21'),
       (6, 3, 'DBMS', 'DBMS 설명', 1, '2024-01-15 23:22:21', '2024-01-15 23:22:21'),
       (7, 3, 'SQL', 'SQL 설명', 2, '2024-01-15 23:22:21', '2024-01-15 23:22:21');

INSERT INTO post(id, category_item_id, title, description, content, status, created_at, updated_at)
values (1, 3, 'Dependency Injection', 'DI를 설명합니다', 'DI는 의존성을 주입하여 실제 구현체를 감추는 기술로..[더보기]', 'PUBLIC',
        '2024-02-09 21:20:30', '2024-02-09 21:20:30'),
       (2, 3, 'AOP', 'AOP를 설명합니다', 'AOP는 프록시를 이용하여 공통 로직을 분리하는 기술로..[더보기]', 'PUBLIC', '2024-02-09 21:22:30',
        '2024-02-09 21:22:30'),
       (3, 4, 'GC', 'GC를 설명합니다', 'GC는 참조되지 않는 메모리를 해제하는...[더보기]', 'PUBLIC', '2024-02-09 21:25:30',
        '2024-02-09 21:25:30'),
       (4, 3, 'Inversion of Control', 'IoC를 설명합니다', 'IoC는 실행의 주체가 역전되어 프레임워크...[더보기]', 'PUBLIC', '2024-02-09 21:21:30',
        '2024-02-09 21:21:30');
